prj,clk_estimated(ns),bram,dsp,ff,lut,c_num_arith,c_num_logic,rtl_num_arith,rtl_num_logic,vivado_dynamic_pwr(mW),Total LUTs,Logic LUTs,LUTRAMs,SRLs,FFs,RAMB36,RAMB18,DSP48 Blocks
io1_l1n1n1_l3n1n1,8.419,12,5,653,995,14,7,12,7,8.955,524,524,0,0,453,4,4,5
io1_l1n1n1_l3n1p1,8.419,12,5,680,1072,15,7,13,7,9.9,650,650,0,0,485,4,4,5
io1_l1n1n1_l3p1n1,8.835,13,10,8900,5225,138,69,12,69,27.823,4229,3631,0,598,7385,5,3,10
io1_l1n1p1_l3n1n1,8.419,13,5,781,1097,15,7,13,7,11.534,570,563,0,7,473,5,3,5
io1_l1n1p1_l3n1p1,8.419,13,5,808,1158,16,7,14,7,14.167,686,679,0,7,505,5,3,5
io1_l1n1p1_l3p1n1,8.835,14,10,9028,5327,139,69,13,69,45.732,4283,3678,0,605,7392,6,2,10
io1_l1p1n1_l3n1n1,8.835,13,10,3347,3336,138,69,12,69,21.953,2278,2278,0,0,3099,5,3,10
io1_l1p1n1_l3n1p1,8.835,13,10,3374,3413,139,69,13,69,24.978,2405,2405,0,0,3164,5,3,10
io1_l1p1n1_l3p1n1,8.905,14,10,10631,7119,262,131,10,131,52.093,5600,5002,0,598,9220,6,2,10
io2_l1n1n1_l3n1n1,8.419,16,5,781,1379,14,7,12,7,10.895,646,646,0,0,662,4,8,5
io2_l1n1n1_l3n1n1_d1d2,8.419,16,5,786,1586,15,17,13,17,11.69,767,767,0,0,795,4,8,5
io2_l1n1n1_l3n1n2,8.419,16,8,1033,1487,16,7,13,7,13.966,753,753,0,0,782,4,8,8
io2_l1n1n1_l3n1n2_d1d2,8.419,16,8,1037,1684,17,12,14,12,14.246,822,822,0,0,850,4,8,8
io2_l1n1n1_l3n1p1,8.419,16,5,814,1462,15,7,13,7,12.498,785,785,0,0,702,4,8,5
io2_l1n1n1_l3n1p1_d1d2,8.419,16,5,812,1669,16,17,14,17,12.989,826,826,0,0,766,4,8,5
io2_l1n1n1_l3n1p2,8.419,16,5,936,1446,17,7,13,7,12.521,783,783,0,0,754,4,8,5
io2_l1n1n1_l3n1p2_d1d2,8.419,16,5,941,1643,18,12,14,12,13.172,860,860,0,0,829,4,8,5
io2_l1n1n1_l3p1n1,9.263,18,14,4041,4307,138,37,13,37,24.57,2357,2357,0,0,3762,4,6,14
io2_l1n1n1_l3p1n1_d1d2,9.286,18,14,3987,4786,139,42,14,42,24.984,2445,2445,0,0,3744,4,6,14
io2_l1n1n1_l3p2n1,8.835,18,20,15517,8632,266,69,16,69,41.681,7303,6114,0,1189,12460,6,6,20
io2_l1n1n1_l3p2n1_d1d2,8.813,18,40,18528,10778,267,42,25,42,53.699,9165,7528,0,1637,14161,6,6,40
io2_l1n1n2_l3n1n1,8.419,16,10,1199,1664,16,7,14,7,15.429,958,958,0,0,1003,4,8,10
io2_l1n1n2_l3n1n1_d1d2,8.419,16,10,1203,1861,17,12,15,12,15.613,1038,1038,0,0,1052,4,8,10
io2_l1n1n2_l3n1n2,8.419,16,10,1227,1637,18,7,14,7,15.707,979,979,0,0,879,4,8,10
io2_l1n1n2_l3n1n2_d1d2,8.419,16,10,1294,1854,19,7,15,7,16.028,1065,1065,0,0,1011,4,8,10
io2_l1n1n2_l3n1p1,8.419,16,10,1232,1747,17,7,15,7,17.32,1055,1055,0,0,1021,4,8,10
io2_l1n1n2_l3n1p1_d1d2,8.419,16,10,1236,1944,18,12,16,12,16.809,1106,1106,0,0,1018,4,8,10
io2_l1n1n2_l3n1p2,8.419,16,10,1290,1725,19,7,15,7,16.35,1093,1093,0,0,949,4,8,10
io2_l1n1n2_l3n1p2_d1d2,8.419,16,10,1358,1918,20,7,16,7,17.249,1162,1162,0,0,1086,4,8,10
io2_l1n1n2_l3p1n1,9.263,18,16,4235,4455,140,37,14,37,27.52,2561,2561,0,0,3915,4,6,16
io2_l1n1n2_l3p1n1_d1d2,9.286,18,16,4244,4936,141,37,15,37,27.264,2639,2639,0,0,3913,4,6,16
io2_l1n1n2_l3p2n1,8.835,18,20,15484,8573,268,69,16,69,45.946,7943,6754,0,1189,12458,6,6,20
io2_l1n1n2_l3p2n1_d1d2,8.813,18,40,18558,10721,269,37,25,37,58.967,9673,8036,0,1637,14198,6,6,40
io2_l1n1p1_l3n1n1,8.419,18,5,816,1510,15,7,13,7,12.147,785,785,0,0,678,4,6,5
io2_l1n1p1_l3n1n1_d1d2,8.419,18,5,801,1725,16,17,14,17,12.438,838,838,0,0,672,4,6,5
io2_l1n1p1_l3n1n2,8.419,18,8,1068,1618,17,7,14,7,15.712,857,857,0,0,801,4,6,8
io2_l1n1p1_l3n1n2_d1d2,8.419,18,8,1052,1823,18,12,15,12,15.153,904,904,0,0,794,4,6,8
io2_l1n1p1_l3n1p1,8.419,18,5,849,1593,16,7,14,7,13.97,881,881,0,0,714,4,6,5
io2_l1n1p1_l3n1p1_d1d2,8.419,18,5,827,1808,17,17,15,17,14.456,940,940,0,0,701,4,6,5
io2_l1n1p1_l3n1p2,8.419,18,5,971,1577,18,7,14,7,13.982,899,899,0,0,773,4,6,5
io2_l1n1p1_l3n1p2_d1d2,8.419,18,5,956,1782,19,12,15,12,13.974,988,988,0,0,767,4,6,5
io2_l1n1p1_l3p1n1,9.263,20,14,4069,4438,139,37,14,37,27.708,2481,2481,0,0,3779,8,4,14
io2_l1n1p1_l3p1n1_d1d2,9.286,20,14,4002,4925,140,42,15,42,28.065,2522,2522,0,0,3684,8,4,14
io2_l1n1p1_l3p2n1,8.835,20,20,15545,8763,267,69,17,69,45.336,7485,6296,0,1189,12457,8,4,20
io2_l1n1p1_l3p2n1_d1d2,8.813,20,40,18543,10917,268,42,26,42,57.85,9341,7704,0,1637,14143,8,4,40
io2_l1n1p2_l3n1n1,8.419,20,10,1463,1882,17,7,15,7,17.595,1047,1041,0,6,1001,6,4,10
io2_l1n1p2_l3n1n1_d1d2,8.419,20,10,1448,2078,18,12,16,12,17.336,1151,1145,0,6,990,6,4,10
io2_l1n1p2_l3n1n2,8.419,20,10,1491,1855,19,7,15,7,17.8,1055,1049,0,6,900,6,4,10
io2_l1n1p2_l3n1n2_d1d2,8.419,20,10,1539,2071,20,7,16,7,18.804,1163,1157,0,6,1019,6,4,10
io2_l1n1p2_l3n1p1,8.419,20,10,1496,1965,18,7,16,7,20.596,1162,1156,0,6,1037,6,4,10
io2_l1n1p2_l3n1p1_d1d2,8.419,20,10,1474,2161,19,12,17,12,20.694,1215,1209,0,6,1019,6,4,10
io2_l1n1p2_l3n1p2,8.419,20,10,1554,1943,20,7,16,7,19.827,1195,1189,0,6,968,6,4,10
io2_l1n1p2_l3n1p2_d1d2,8.419,20,10,1603,2135,21,7,17,7,20.346,1270,1264,0,6,1084,6,4,10
io2_l1n1p2_l3p1n1,9.263,22,16,4499,4673,141,37,15,37,31.563,2670,2664,0,6,3947,10,0,16
io2_l1n1p2_l3p1n1_d1d2,9.286,22,16,4489,5153,142,37,16,37,32.97,2798,2792,0,6,3941,10,0,16
io2_l1n1p2_l3p2n1,8.835,22,20,15748,8775,269,69,17,69,78.684,8133,6938,0,1195,12593,10,2,20
io2_l1n1p2_l3p2n1_d1d2,8.813,22,40,18803,10938,270,37,26,37,92.387,9729,8086,0,1643,14277,10,2,40
io2_l1p1n1_l3n1n1,8.979,18,18,4620,4088,138,37,15,37,31.052,4192,4192,0,0,4247,6,6,18
io2_l1p1n1_l3n1n1_d1d2,8.979,18,18,4617,4621,139,42,16,42,32.393,4272,4272,0,0,4283,6,6,18
io2_l1p1n1_l3n1n2,8.813,18,18,4616,4057,140,37,15,37,34.501,4186,4186,0,0,4218,6,6,18
io2_l1p1n1_l3n1n2_d1d2,8.813,18,18,4676,4592,141,37,16,37,34.77,4306,4306,0,0,4266,6,6,18
io2_l1p1n1_l3n1p1,8.979,18,18,4646,4171,139,37,16,37,37.353,4257,4257,0,0,4259,6,6,18
io2_l1p1n1_l3n1p1_d1d2,8.979,18,18,4643,4704,140,42,17,42,35.562,4343,4343,0,0,4261,6,6,18
io2_l1p1n1_l3n1p2,9.206,18,18,4647,4136,141,37,16,37,35.885,4295,4295,0,0,4200,6,6,18
io2_l1p1n1_l3n1p2_d1d2,9.206,18,18,4708,4665,142,37,17,37,36.499,4363,4363,0,0,4280,6,6,18
io2_l1p1n1_l3p1n1,9.251,20,18,6856,6518,262,67,13,67,41.861,5884,5884,0,0,6783,8,4,18
io2_l1p1n1_l3p1n1_d1d2,9.263,20,18,7114,7317,263,67,14,67,41.725,5775,5775,0,0,6790,8,4,18
io2_l1p1n1_l3p2n1,8.858,20,20,16982,10260,390,99,14,99,88.31,9643,8454,0,1189,14266,8,4,20
io2_l1p1n1_l3p2n1_d1d2,8.835,20,40,20273,12717,391,67,23,67,101.978,12648,11011,0,1637,16009,6,4,40
io2_l1p2n1_l3n1n1,8.835,18,20,5369,4709,266,69,16,69,32.852,3567,3567,0,0,4902,6,6,20
io2_l1p2n1_l3n1n1_d1d2,8.944,18,38,7405,6125,267,42,24,42,46.098,6418,6418,0,0,6506,6,6,38
io2_l1p2n1_l3n1n2,8.933,18,20,5365,4667,268,69,16,69,33.295,3701,3701,0,0,4875,6,6,20
io2_l1p2n1_l3n1n2_d1d2,8.955,18,38,7464,6091,269,37,24,37,47.286,6228,6228,0,0,6502,6,6,38
io2_l1p2n1_l3n1p1,8.835,18,20,5395,4792,267,69,17,69,37.056,3604,3604,0,0,4898,6,6,20
io2_l1p2n1_l3n1p1_d1d2,8.944,18,38,7431,6208,268,42,25,42,49.335,6424,6424,0,0,6477,6,6,38
io2_l1p2n1_l3n1p2,9.229,18,20,5396,4749,269,69,17,69,35.965,3781,3781,0,0,4852,6,6,20
io2_l1p2n1_l3n1p2_d1d2,9.206,18,38,7496,6161,270,37,25,37,50.082,6610,6610,0,0,6496,6,6,38
io2_l1p2n1_l3p1n1,9.297,20,20,7957,7118,390,99,14,99,39.437,5057,5057,0,0,7514,6,0,20
io2_l1p2n1_l3p1n1_d1d2,9.263,20,38,9902,8860,391,67,22,67,57.811,7987,7987,0,0,9127,8,4,38
io2_l1p2n1_l3p2n1,8.905,20,20,17728,10635,518,131,14,131,87.719,8280,7091,0,1189,14601,8,4,20
io2_l1p2n1_l3p2n1_d1d2,8.835,20,40,19689,12721,519,67,23,67,111.263,12620,10983,0,1637,15410,8,4,40
io4_l1n1n1_l3n1n1,8.419,8,5,2067,1704,14,7,12,7,12.693,1085,829,256,0,1461,4,0,5
io4_l1n1n1_l3n1n1_d1d2,8.419,16,5,2067,1969,15,7,13,7,17.653,1343,1087,256,0,1611,0,16,5
io4_l1n1n1_l3n1n2,8.419,8,8,2318,1988,16,10,13,10,15.378,1234,978,256,0,1639,4,0,8
io4_l1n1n1_l3n1n2_d1d2,8.419,16,8,2318,2511,17,10,14,10,20.614,1478,1222,256,0,1765,0,16,8
io4_l1n1n1_l3n1n4,8.419,8,14,2774,2156,20,7,15,7,20.193,1365,1109,256,0,1951,4,0,14
io4_l1n1n1_l3n1n4_d1d2,8.419,16,14,2774,2489,21,7,16,7,23.875,1618,1362,256,0,2026,0,16,14
io4_l1n1n1_l3n1p1,8.419,8,5,2091,1799,15,7,13,7,14.138,1224,968,256,0,1459,4,0,5
io4_l1n1n1_l3n1p1_d1d2,8.419,16,5,2093,2064,16,7,14,7,20.21,1477,1221,256,0,1657,0,16,5
io4_l1n1n1_l3n1p2,8.419,8,5,2221,1959,17,10,13,10,14.279,1285,1029,256,0,1580,4,0,5
io4_l1n1n1_l3n1p2_d1d2,8.419,16,5,2223,2194,18,10,14,10,19.301,1548,1292,256,0,1754,0,16,5
io4_l1n1n1_l3n1p4,8.847,8,5,2417,1880,21,7,13,7,14.788,1352,1096,256,0,1796,4,0,5
io4_l1n1n1_l3n1p4_d1d2,8.847,16,5,2421,2213,22,7,14,7,18.56,1536,1280,256,0,1773,0,16,5
io4_l1n1n1_l3p1n1,8.881,8,26,6212,5032,138,21,17,21,34.612,3253,2933,320,0,5281,4,0,26
io4_l1n1n1_l3p1n1_d1d2,8.847,32,26,6731,6373,139,21,18,21,42.336,3986,3666,320,0,5901,16,0,26
io4_l1n1n1_l3p2n1,8.952,8,26,6332,6460,266,40,17,40,38.742,4526,4206,320,0,5537,4,0,26
io4_l1n1n1_l3p2n1_d1d2,8.928,24,26,8641,8010,267,24,18,24,43.119,5742,5422,320,0,7351,8,8,26
io4_l1n1n1_l3p4n1,8.835,8,40,29746,14741,522,69,24,69,62.564,13186,10494,320,2372,23540,4,0,40
io4_l1n1n1_l3p4n1_d1d2,8.419,32,160,45734,27167,523,21,73,21,152.17,26567,20803,320,5444,34448,16,0,160
io4_l1n1n2_l3n1n1,8.419,8,5,2124,1844,16,10,12,10,13.678,1198,942,256,0,1495,4,0,5
io4_l1n1n2_l3n1n1_d1d2,8.419,16,5,2116,2079,17,10,13,10,17.29,1415,1159,256,0,1619,0,16,5
io4_l1n1n2_l3n1n2,8.419,8,8,2375,2128,18,13,13,13,15.649,1287,1031,256,0,1673,4,0,8
io4_l1n1n2_l3n1n2_d1d2,8.419,16,8,2367,2621,19,13,14,13,19.354,1532,1276,256,0,1773,0,16,8
io4_l1n1n2_l3n1n4,8.419,8,14,2831,2296,22,10,15,10,20.152,1452,1196,256,0,1985,4,0,14
io4_l1n1n2_l3n1n4_d1d2,8.419,16,14,2823,2599,23,10,16,10,23.955,1694,1438,256,0,2034,0,16,14
io4_l1n1n2_l3n1p1,8.419,8,5,2148,1939,17,10,13,10,14.663,1297,1041,256,0,1504,4,0,5
io4_l1n1n2_l3n1p1_d1d2,8.419,16,5,2142,2462,18,10,14,10,19.009,1522,1266,256,0,1659,0,16,5
io4_l1n1n2_l3n1p2,8.419,8,5,2278,2099,19,13,13,13,14.285,1368,1112,256,0,1632,4,0,5
io4_l1n1n2_l3n1p2_d1d2,8.419,16,5,2272,2592,20,13,14,13,18.54,1613,1357,256,0,1761,0,16,5
io4_l1n1n2_l3n1p4,8.858,8,5,2474,2019,23,10,13,10,14.271,1418,1162,256,0,1831,4,0,5
io4_l1n1n2_l3n1p4_d1d2,8.858,16,5,2470,2706,24,10,14,10,18.832,1765,1509,256,0,2140,0,16,5
io4_l1n1n2_l3p1n1,8.858,8,26,6269,5172,140,24,17,24,35.107,3381,3061,320,0,5315,4,0,26
io4_l1n1n2_l3p1n1_d1d2,8.858,32,26,6780,7059,141,24,18,24,42.587,4132,3812,320,0,6075,16,0,26
io4_l1n1n2_l3p2n1,8.952,8,26,6389,6569,268,43,17,43,36.397,4438,4118,320,0,5247,4,0,26
io4_l1n1n2_l3p2n1_d1d2,9.322,24,26,8690,8233,269,27,18,27,43.27,5908,5588,320,0,7527,8,8,26
io4_l1n1n2_l3p4n1,9.229,8,40,29803,14894,524,72,24,72,63.882,13177,10485,320,2372,23539,4,0,40
io4_l1n1n2_l3p4n1_d1d2,8.813,32,160,45783,27418,525,24,73,24,152.758,25494,19730,320,5444,34032,16,0,160
io4_l1n1n4_l3n1n1,8.419,8,20,3320,2717,20,7,18,7,23.497,2040,1784,256,0,2349,4,0,20
io4_l1n1n4_l3n1n1_d1d2,8.419,16,20,3322,3050,21,7,19,7,28.421,2300,2044,256,0,2424,0,16,20
io4_l1n1n4_l3n1n2,8.419,8,20,3411,2896,22,10,18,10,25.301,2119,1863,256,0,2463,4,0,20
io4_l1n1n4_l3n1n2_d1d2,8.419,16,20,3413,3583,23,10,19,10,29.063,2366,2110,256,0,2514,0,16,20
io4_l1n1n4_l3n1n4,8.419,8,20,3419,2794,26,7,18,7,25.39,2156,1900,256,0,2359,4,0,20
io4_l1n1n4_l3n1n4_d1d2,8.419,16,20,3549,3255,27,7,19,7,31.012,2464,2208,256,0,2742,0,16,20
io4_l1n1n4_l3n1p1,8.419,8,20,3344,2812,21,7,19,7,25.735,2178,1922,256,0,2368,4,0,20
io4_l1n1n4_l3n1p1_d1d2,8.419,16,20,3348,3145,22,7,20,7,31.428,2436,2180,256,0,2470,0,16,20
io4_l1n1n4_l3n1p2,8.419,8,20,3474,2972,23,10,19,10,25.457,2239,1983,256,0,2498,4,0,20
io4_l1n1n4_l3n1p2_d1d2,8.419,16,20,3478,3275,24,10,20,10,30.469,2502,2246,256,0,2556,0,16,20
io4_l1n1n4_l3n1p4,8.847,8,20,3542,2887,27,7,19,7,25.557,2245,1989,256,0,2439,4,0,20
io4_l1n1n4_l3n1p4_d1d2,8.847,16,20,3676,3294,28,7,20,7,30.188,2564,2308,256,0,2810,0,16,20
io4_l1n1n4_l3p1n1,8.881,8,32,6857,5643,144,21,20,21,40.574,3899,3579,320,0,5818,4,0,32
io4_l1n1n4_l3p1n1_d1d2,8.847,32,32,7506,7076,145,21,21,21,48.252,4824,4504,320,0,6636,16,0,32
io4_l1n1n4_l3p2n1,8.952,8,32,6977,7123,272,40,20,40,42.654,5020,4700,320,0,5895,4,0,32
io4_l1n1n4_l3p2n1_d1d2,8.928,24,32,9416,8713,273,24,21,24,49.837,6714,6394,320,0,8695,8,8,32
io4_l1n1n4_l3p4n1,8.835,8,40,29710,14734,528,69,24,69,78.167,13836,11144,320,2372,23757,4,0,40
io4_l1n1n4_l3p4n1_d1d2,8.419,32,160,45828,27246,529,21,73,21,169.494,27007,21243,320,5444,34505,16,0,160
io4_l1n1p1_l3n1n1,8.419,8,5,1959,1776,15,7,13,7,14.274,1216,960,256,0,1354,4,0,5
io4_l1n1p1_l3n1n1_d1d2,8.419,16,5,1954,2041,16,7,14,7,19.403,1429,1173,256,0,1498,0,16,5
io4_l1n1p1_l3n1n2,8.419,8,8,2210,2060,17,10,14,10,16.685,1351,1095,256,0,1532,4,0,8
io4_l1n1p1_l3n1n2_d1d2,8.419,16,8,2205,2583,18,10,15,10,21.591,1555,1299,256,0,1651,0,16,8
io4_l1n1p1_l3n1n4,8.419,8,14,2666,2228,21,7,16,7,22.221,1506,1250,256,0,1844,4,0,14
io4_l1n1p1_l3n1n4_d1d2,8.419,16,14,2661,2561,22,7,17,7,26.394,1696,1440,256,0,1913,0,16,14
io4_l1n1p1_l3n1p1,8.419,8,5,1983,1871,16,7,14,7,16.161,1296,1040,256,0,1340,4,0,5
io4_l1n1p1_l3n1p1_d1d2,8.419,16,5,1980,2136,17,7,15,7,22.243,1553,1297,256,0,1528,0,16,5
io4_l1n1p1_l3n1p2,8.419,8,5,2113,2031,18,10,14,10,16.181,1355,1099,256,0,1470,4,0,5
io4_l1n1p1_l3n1p2_d1d2,8.419,16,5,2110,2554,19,10,15,10,21.064,1611,1355,256,0,1627,0,16,5
io4_l1n1p1_l3n1p4,8.847,8,5,2309,1952,22,7,14,7,15.854,1356,1100,256,0,1666,4,0,5
io4_l1n1p1_l3n1p4_d1d2,8.847,16,5,2308,2285,23,7,15,7,20.721,1615,1359,256,0,1758,0,16,5
io4_l1n1p1_l3p1n1,8.881,8,26,6104,5104,139,21,18,21,37.769,3269,2949,320,0,5156,4,0,26
io4_l1n1p1_l3p1n1_d1d2,8.847,32,26,6618,6445,140,21,19,21,44.396,4058,3738,320,0,5658,16,0,26
io4_l1n1p1_l3p2n1,8.952,8,26,6224,6548,267,40,18,40,39.203,4389,4069,320,0,5202,4,0,26
io4_l1n1p1_l3p2n1_d1d2,8.928,24,26,8528,8098,268,24,19,24,46.108,5909,5589,320,0,7276,8,8,26
io4_l1n1p1_l3p4n1,8.835,8,40,29638,14813,523,69,25,69,67.173,12860,10168,320,2372,23469,4,0,40
io4_l1n1p1_l3p4n1_d1d2,8.419,32,160,45621,27239,524,21,74,21,158.36,26018,20254,320,5444,33914,16,0,160
io4_l1n1p2_l3n1n1,8.419,8,5,2021,1902,17,10,13,10,15.627,1399,1143,256,0,1411,4,0,5
io4_l1n1p2_l3n1n1_d1d2,8.419,16,5,2025,2137,18,10,14,10,21.541,1780,1524,256,0,1665,0,16,5
io4_l1n1p2_l3n1n2,8.419,8,8,2272,2177,19,13,14,13,18.473,1431,1175,256,0,1590,4,0,8
io4_l1n1p2_l3n1n2_d1d2,8.419,16,8,2276,2670,20,13,15,13,24.144,2022,1766,256,0,1953,0,16,8
io4_l1n1p2_l3n1n4,8.419,8,14,2728,2345,23,10,16,10,23.297,1594,1338,256,0,1902,4,0,14
io4_l1n1p2_l3n1n4_d1d2,8.419,16,14,2732,2648,24,10,17,10,28.758,2040,1784,256,0,2271,0,16,14
io4_l1n1p2_l3n1p1,8.419,8,5,2045,1997,18,10,14,10,17.895,1403,1147,256,0,1402,4,0,5
io4_l1n1p2_l3n1p1_d1d2,8.419,16,5,2051,2232,19,10,15,10,23.81,1718,1462,256,0,1626,0,16,5
io4_l1n1p2_l3n1p2,8.419,8,5,2143,2142,20,13,14,13,17.253,1470,1214,256,0,1500,4,0,5
io4_l1n1p2_l3n1p2_d1d2,8.419,16,5,2149,2635,21,13,15,13,24.102,1768,1512,256,0,1693,0,16,5
io4_l1n1p2_l3n1p4,8.858,8,5,2339,2062,24,10,14,10,18.167,1468,1212,256,0,1698,4,0,5
io4_l1n1p2_l3n1p4_d1d2,8.858,16,5,2347,2365,25,10,15,10,22.474,1771,1515,256,0,1824,0,16,5
io4_l1n1p2_l3p1n1,8.858,8,26,6134,5215,141,24,18,24,39.129,3286,2966,320,0,5179,4,0,26
io4_l1n1p2_l3p1n1_d1d2,8.858,32,26,6657,6526,142,24,19,24,45.995,4233,3913,320,0,5823,16,0,26
io4_l1n1p2_l3p2n1,8.952,8,26,6254,6656,269,43,18,43,41.948,4587,4267,320,0,5232,4,0,26
io4_l1n1p2_l3p2n1_d1d2,9.322,24,26,8567,8320,270,27,19,27,48.218,6084,5764,320,0,7448,8,8,26
io4_l1n1p2_l3p4n1,9.229,8,40,29668,14921,525,72,25,72,81.211,12982,10290,320,2372,23498,4,0,40
io4_l1n1p2_l3p4n1_d1d2,8.813,32,160,45660,27464,526,24,74,24,168.485,26678,20914,320,5444,33913,12,0,160
io4_l1n1p4_l3n1n1,8.419,16,20,3318,2903,21,7,19,7,25.818,2010,1813,192,5,2088,8,0,20
io4_l1n1p4_l3n1n1_d1d2,8.419,24,20,3315,3236,22,7,20,7,30.953,2268,2071,192,5,2087,4,16,20
io4_l1n1p4_l3n1n2,8.419,16,20,3409,3082,23,10,19,10,27.666,2076,1879,192,5,2210,8,0,20
io4_l1n1p4_l3n1n2_d1d2,8.419,24,20,3406,3769,24,10,20,10,32.966,2338,2141,192,5,2208,4,16,20
io4_l1n1p4_l3n1n4,8.419,16,20,3417,2980,27,7,19,7,28.74,2103,1906,192,5,2121,8,0,20
io4_l1n1p4_l3n1n4_d1d2,8.419,24,20,3542,3441,28,7,20,7,33.252,2419,2222,192,5,2374,4,16,20
io4_l1n1p4_l3n1p1,8.419,16,20,3342,2998,22,7,20,7,29.309,2190,1993,192,5,2123,8,0,20
io4_l1n1p4_l3n1p1_d1d2,8.419,24,20,3341,3331,23,7,21,7,35.97,2390,2193,192,5,2117,4,16,20
io4_l1n1p4_l3n1p2,8.419,16,20,3472,3158,24,10,20,10,28.262,2197,2000,192,5,2248,8,0,20
io4_l1n1p4_l3n1p2_d1d2,8.419,24,20,3471,3845,25,10,21,10,34.302,2456,2259,192,5,2247,4,16,20
io4_l1n1p4_l3n1p4,8.847,16,20,3540,3073,28,7,20,7,29.392,2288,2091,192,5,2194,8,0,20
io4_l1n1p4_l3n1p4_d1d2,8.847,24,20,3669,3480,29,7,21,7,34.027,2461,2264,192,5,2445,4,16,20
io4_l1n1p4_l3p1n1,8.881,16,32,6855,5829,145,21,21,21,44.637,3846,3585,256,5,5575,8,0,32
io4_l1n1p4_l3p1n1_d1d2,8.847,40,32,7499,7262,146,21,22,21,53.25,4690,4429,256,5,6277,20,0,32
io4_l1n1p4_l3p2n1,8.952,16,32,6975,7341,273,40,21,40,45.464,4950,4689,256,5,5603,8,0,32
io4_l1n1p4_l3p2n1_d1d2,8.928,32,32,9409,8931,274,24,22,24,53.231,6577,6316,256,5,7694,12,8,32
io4_l1n1p4_l3p4n1,8.835,16,40,29708,14920,529,69,25,69,134.022,13653,11020,256,2377,23553,8,0,40
io4_l1n1p4_l3p4n1_d1d2,8.419,40,160,45821,27432,530,21,74,21,229.878,26394,20689,256,5449,33973,16,0,160
io4_l1p1n1_l3n1n1,8.419,16,40,7304,5567,138,21,24,21,43.387,5104,4912,192,0,5989,8,0,40
io4_l1p1n1_l3n1n1_d1d2,8.419,40,40,7301,6912,139,21,25,21,49.916,5340,5148,192,0,6085,20,0,40
io4_l1p1n1_l3n1n2,8.419,16,40,7363,5725,140,24,24,24,45.644,5111,4919,192,0,6077,8,0,40
io4_l1p1n1_l3n1n2_d1d2,8.419,40,40,7360,7616,141,24,25,24,52.737,5369,5177,192,0,6141,20,0,40
io4_l1p1n1_l3n1n4,8.419,16,40,7371,5637,144,21,24,21,48.22,5080,4888,192,0,6156,8,0,40
io4_l1p1n1_l3n1n4_d1d2,8.419,40,40,7496,7074,145,21,25,21,53.493,5298,5106,192,0,6279,20,0,40
io4_l1p1n1_l3n1p1,8.419,16,40,7328,5662,139,21,25,21,48.469,5162,4970,192,0,6010,8,0,40
io4_l1p1n1_l3n1p1_d1d2,8.419,40,40,7327,7007,140,21,26,21,56.131,5455,5263,192,0,6106,20,0,40
io4_l1p1n1_l3n1p2,8.813,16,40,7394,5804,141,24,25,24,48.563,5223,5031,192,0,6076,8,0,40
io4_l1p1n1_l3n1p2_d1d2,8.813,40,40,7393,7695,142,24,26,24,54.638,5587,5395,192,0,6216,20,0,40
io4_l1p1n1_l3n1p4,8.835,16,40,7398,5707,145,21,25,21,48.804,5153,4961,192,0,6070,8,0,40
io4_l1p1n1_l3n1p4_d1d2,8.835,40,40,7527,7122,146,21,26,21,54.378,5608,5416,192,0,6204,20,0,40
io4_l1p1n1_l3p1n1,9.24,16,40,9529,7888,262,35,22,35,52.89,6431,6175,256,0,8560,8,0,40
io4_l1p1n1_l3p1n1_d1d2,9.206,40,40,10653,10601,263,35,23,35,60.958,7935,7679,256,0,9676,20,0,40
io4_l1p1n1_l3p2n1,9.39,16,40,9912,9430,390,54,22,54,53.049,7465,7209,256,0,9030,8,0,40
io4_l1p1n1_l3p2n1_d1d2,8.952,40,40,12078,12156,391,38,23,38,64.414,9305,9049,256,0,10898,20,0,40
io4_l1p1n1_l3p4n1,8.847,16,40,30738,15743,646,83,22,83,145.59,14270,11642,256,2372,24588,8,0,40
io4_l1p1n1_l3p4n1_d1d2,8.813,40,160,47235,29217,647,35,71,35,254.53,28582,22882,256,5444,35800,20,0,160
io4_l1p2n1_l3n1n1,8.813,16,40,9137,6455,266,40,24,40,46.375,6252,6060,192,0,7840,8,0,40
io4_l1p2n1_l3n1n1_d1d2,8.419,40,80,13497,11193,267,24,41,24,81.733,9755,9563,192,0,11323,20,0,80
io4_l1p2n1_l3n1n2,8.813,16,40,9196,6601,268,43,24,43,49.31,6160,5968,192,0,7934,8,0,40
io4_l1p2n1_l3n1n2_d1d2,8.419,40,80,13556,11459,269,27,41,27,83.875,9965,9773,192,0,11374,20,0,80
io4_l1p2n1_l3n1n4,8.813,16,40,9204,6495,272,40,24,40,51.777,6137,5945,192,0,7999,8,0,40
io4_l1p2n1_l3n1n4_d1d2,8.419,40,80,13692,11347,273,24,41,24,85.896,10075,9883,192,0,11500,20,0,80
io4_l1p2n1_l3n1p1,8.813,16,40,9161,6550,267,40,25,40,50.286,6250,6058,192,0,7845,8,0,40
io4_l1p2n1_l3n1p1_d1d2,8.419,40,80,13523,11288,268,24,42,24,86.888,10080,9888,192,0,11359,20,0,80
io4_l1p2n1_l3n1p2,9.206,16,40,9227,6689,269,43,25,43,50.619,6192,6000,192,0,7935,8,0,40
io4_l1p2n1_l3n1p2_d1d2,8.813,40,80,13589,11541,270,27,42,27,85.428,10265,10073,192,0,11501,20,0,80
io4_l1p2n1_l3n1p4,9.229,16,40,9231,6591,273,40,25,40,51.472,6287,6095,192,0,7931,8,0,40
io4_l1p2n1_l3n1p4_d1d2,8.835,40,80,13723,11400,274,24,42,24,85.929,10124,9932,192,0,11664,20,0,80
io4_l1p2n1_l3p1n1,9.251,16,40,11361,8714,390,54,22,54,55.117,8063,7807,256,0,10370,8,0,40
io4_l1p2n1_l3p1n1_d1d2,8.881,40,80,16975,14654,391,38,39,38,92.928,12533,12277,256,0,15061,20,0,80
io4_l1p2n1_l3p2n1,9.414,16,40,11744,10201,518,73,22,73,58.072,8819,8563,256,0,10879,8,0,40
io4_l1p2n1_l3p2n1_d1d2,8.952,40,80,18272,16197,519,41,39,41,93.288,14099,13843,256,0,16209,20,0,80
io4_l1p2n1_l3p4n1,8.858,16,40,31611,16476,774,102,22,102,154.008,14476,11848,256,2372,25456,8,0,40
io4_l1p2n1_l3p4n1_d1d2,8.813,40,160,47775,30449,775,38,71,38,269.498,31608,25908,256,5444,36627,20,0,160
io4_l1p4n1_l3n1n1,8.835,16,40,9226,7357,522,69,24,69,47.823,6397,6205,192,0,7900,8,0,40
io4_l1p4n1_l3n1n1_d1d2,8.847,40,114,22951,15049,523,21,55,21,113.027,18114,17922,192,0,19983,20,0,114
io4_l1p4n1_l3n1n2,8.835,16,40,9285,7503,524,72,24,72,49.331,6286,6094,192,0,8016,8,0,40
io4_l1p4n1_l3n1n2_d1d2,8.847,40,114,23010,15320,525,24,55,24,118.188,17974,17782,192,0,20042,20,0,114
io4_l1p4n1_l3n1n4,8.835,16,40,9293,7413,528,69,24,69,49.706,6217,6025,192,0,8221,8,0,40
io4_l1p4n1_l3n1n4_d1d2,8.847,40,114,23146,15186,529,21,55,21,115.594,17997,17805,192,0,20189,20,0,114
io4_l1p4n1_l3n1p1,8.835,16,40,9250,7452,523,69,25,69,51.48,6239,6047,192,0,7976,8,0,40
io4_l1p4n1_l3n1p1_d1d2,8.847,40,114,22977,15144,524,21,56,21,123.428,18102,17910,192,0,20030,20,0,114
io4_l1p4n1_l3n1p2,9.229,16,40,9316,7590,525,72,25,72,50.415,6451,6259,192,0,8057,8,0,40
io4_l1p4n1_l3n1p2_d1d2,8.858,40,114,23043,15394,526,24,56,24,121.228,18044,17852,192,0,20011,20,0,114
io4_l1p4n1_l3n1p4,9.251,16,40,9320,7503,529,69,25,69,50.672,6476,6284,192,0,8061,8,0,40
io4_l1p4n1_l3n1p4_d1d2,8.835,40,114,23177,15247,530,21,56,21,121.28,17367,17175,192,0,20399,20,0,114
io4_l1p4n1_l3p1n1,9.263,16,40,11675,9536,646,83,22,83,55.916,7694,7438,256,0,10666,8,0,40
io4_l1p4n1_l3p1n1_d1d2,9.24,40,114,25695,18613,647,35,53,35,124.64,19916,19660,256,0,23089,20,0,114
io4_l1p4n1_l3p2n1,9.449,16,40,11827,11047,774,102,22,102,60.631,9144,8888,256,0,11307,8,0,40
io4_l1p4n1_l3p2n1_d1d2,9.368,40,114,26864,20153,775,38,53,38,131.079,21449,21193,256,0,23698,20,0,114
io4_l1p4n1_l3p4n1,8.905,16,40,31700,17474,1030,131,22,131,153.978,14686,12058,256,2372,25560,8,0,40
io4_l1p4n1_l3p4n1_d1d2,9.229,40,160,49141,31141,1031,35,71,35,309.656,35734,30034,256,5444,38482,20,0,160
io8_l1n1n1_l3n1n1,8.419,8,5,3502,2383,14,7,12,7,16.678,1827,1315,512,0,2382,0,8,5
io8_l1n1n1_l3n1n1_d1d2,8.419,64,5,3499,3568,15,7,13,7,37.215,3003,2491,512,0,3298,0,64,5
io8_l1n1n1_l3n1n2,8.419,8,5,3674,2462,16,8,12,8,16.111,1867,1355,512,0,2488,0,8,5
io8_l1n1n1_l3n1n2_d1d2,8.419,64,5,3849,5103,17,8,13,8,34.965,3027,2515,512,0,3412,0,64,5
io8_l1n1n1_l3n1n4,8.419,8,14,4207,3100,20,14,15,14,22.89,2139,1627,512,0,2862,0,8,14
io8_l1n1n1_l3n1n4_d1d2,8.419,64,14,4204,6209,21,14,16,14,42.084,3323,2811,512,0,3714,0,64,14
io8_l1n1n1_l3n1n8,8.858,8,14,4494,2909,28,7,15,7,23.724,2218,1706,512,0,3146,0,8,14
io8_l1n1n1_l3n1n8_d1d2,8.847,64,17,4648,4489,29,7,17,7,43.697,3413,2901,512,0,3964,0,64,17
io8_l1n1n1_l3n1p1,8.419,8,5,3531,2498,15,7,13,7,19.556,2083,1571,512,0,2548,0,8,5
io8_l1n1n1_l3n1p1_d1d2,8.419,64,5,3531,3683,16,7,14,7,40.522,3145,2633,512,0,2565,0,64,5
io8_l1n1n1_l3n1p2,8.419,8,5,3727,2573,17,8,13,8,19.195,2073,1561,512,0,2615,0,8,5
io8_l1n1n1_l3n1p2_d1d2,8.419,64,5,3695,3782,18,8,14,8,37.705,3358,2846,512,0,2769,0,64,5
io8_l1n1n1_l3n1p4,8.847,8,5,3859,2848,21,14,13,14,18.356,2168,1656,512,0,2712,0,8,5
io8_l1n1n1_l3n1p4_d1d2,8.847,64,5,3859,4037,22,14,14,14,36.289,3475,2963,512,0,2948,0,64,5
io8_l1n1n1_l3n1p8,8.419,8,5,4222,2652,29,7,13,7,17.577,2132,1620,512,0,3085,0,8,5
io8_l1n1n1_l3n1p8_d1d2,8.419,64,5,4225,4101,30,7,14,7,35.574,3322,2810,512,0,3165,0,64,5
io8_l1n1n1_l3p1n1,8.881,16,50,8664,6526,138,13,25,13,55.765,4297,3651,646,0,6578,8,0,50
io8_l1n1n1_l3p1n1_d1d2,8.881,128,50,9692,10956,139,13,26,13,84.641,6939,6293,646,0,8330,64,0,50
io8_l1n1n1_l3p2n1,9.332,16,50,11739,8820,266,22,25,22,61.109,6945,6305,640,0,9901,8,0,50
io8_l1n1n1_l3p2n1_d1d2,9.092,64,5,12079,11361,267,14,11,14,41.727,6594,5954,640,0,9637,0,64,5
io8_l1n1n1_l3p4n1,9.258,8,26,8083,7827,522,44,17,44,42.066,5558,4918,640,0,7009,0,8,26
io8_l1n1n1_l3p4n1_d1d2,9.667,80,50,13437,12947,523,20,26,20,80.997,9005,8365,640,0,10608,16,48,50
io8_l1n1n1_l3p8n1,8.835,16,80,56749,27042,1034,69,40,69,105.606,23224,17845,640,4739,44406,8,0,80
io8_l1n1n1_l3p8n1_d1d2,8.847,128,640,123891,88507,1035,13,265,13,536.298,86075,64053,640,21382,91788,64,0,640
io8_l1n1n2_l3n1n1,8.419,8,5,3670,2452,16,8,12,8,16.485,1870,1358,512,0,2450,0,8,5
io8_l1n1n2_l3n1n1_d1d2,8.419,64,5,3982,3661,17,8,13,8,34.867,3034,2514,520,0,3368,0,64,5
io8_l1n1n2_l3n1n2,8.419,8,5,3843,2535,18,9,12,9,16.333,1841,1329,512,0,2949,0,8,5
io8_l1n1n2_l3n1n2_d1d2,8.419,64,5,4333,5200,19,9,13,9,31.68,3116,2604,512,0,3484,0,64,5
io8_l1n1n2_l3n1n4,8.419,8,14,4377,3177,22,15,15,15,23.049,2128,1616,512,0,3255,0,8,14
io8_l1n1n2_l3n1n4_d1d2,8.419,64,14,4687,6302,23,15,16,15,39.315,3305,2793,512,0,3784,0,64,14
io8_l1n1n2_l3n1n8,8.881,8,14,4664,2999,30,8,15,8,23.43,2219,1707,512,0,3412,0,8,14
io8_l1n1n2_l3n1n8_d1d2,8.858,64,17,5131,4597,31,8,17,8,40.45,3539,3027,512,0,4036,0,64,17
io8_l1n1n2_l3n1p1,8.419,8,5,3699,2567,17,8,13,8,19.068,1996,1484,512,0,2485,0,8,5
io8_l1n1n2_l3n1p1_d1d2,8.419,64,5,4014,5216,18,8,14,8,37.148,3161,2649,512,0,2631,0,64,5
io8_l1n1n2_l3n1p2,8.419,8,5,3895,2642,19,9,13,9,17.569,2134,1622,512,0,2683,0,8,5
io8_l1n1n2_l3n1p2_d1d2,8.419,64,5,4178,5315,20,9,14,9,34.48,3348,2836,512,0,2824,0,64,5
io8_l1n1n2_l3n1p4,8.858,8,5,4029,2924,23,15,13,15,17.499,2216,1704,512,0,3107,0,8,5
io8_l1n1n2_l3n1p4_d1d2,8.858,64,5,4342,6049,24,15,14,15,33.182,3474,2962,512,0,3019,0,64,5
io8_l1n1n2_l3n1p8,8.813,8,5,4392,2742,31,8,13,8,17.41,2244,1732,512,0,3351,0,8,5
io8_l1n1n2_l3n1p8_d1d2,8.813,64,5,4708,7087,32,8,14,8,32.197,3420,2908,512,0,3234,0,64,5
io8_l1n1n2_l3p1n1,8.881,16,50,8834,6603,140,14,25,14,55.471,4425,3771,654,0,6844,8,0,50
io8_l1n1n2_l3p1n1_d1d2,8.858,128,50,10175,15849,141,14,26,14,82.301,7013,6367,646,0,8398,64,0,50
io8_l1n1n2_l3p2n1,9.343,16,50,11909,8854,268,23,25,23,59.917,6924,6284,640,0,9710,8,0,50
io8_l1n1n2_l3p2n1_d1d2,9.486,64,5,12562,12140,269,15,11,15,37.996,6640,6000,640,0,9722,0,64,5
io8_l1n1n2_l3p4n1,9.651,8,26,8249,7858,524,45,17,45,39.405,5534,4894,640,0,6874,0,8,26
io8_l1n1n2_l3p4n1_d1d2,9.678,80,50,13920,13723,525,21,26,21,77.42,8996,8356,640,0,10722,16,48,50
io8_l1n1n2_l3p8n1,9.229,16,80,56919,27132,1036,70,40,70,107.142,23597,18218,640,4739,44350,8,0,80
io8_l1n1n2_l3p8n1_d1d2,8.858,128,640,124374,89319,1037,14,265,14,527.97,87842,65820,640,21382,91962,64,0,640
io8_l1n1n4_l3n1n1,8.847,8,5,3670,2722,20,14,12,14,16.712,2005,1493,512,0,2477,0,8,5
io8_l1n1n4_l3n1n1_d1d2,8.847,64,5,3816,3911,21,14,13,14,34.485,3106,2594,512,0,3340,0,64,5
io8_l1n1n4_l3n1n2,8.858,8,5,3857,2827,22,15,12,15,16.005,2048,1536,512,0,2916,0,8,5
io8_l1n1n4_l3n1n2_d1d2,8.858,64,5,4167,5944,23,15,13,15,31.598,3138,2626,512,0,3451,0,64,5
io8_l1n1n4_l3n1n4,8.847,8,14,4376,3458,26,21,15,21,24.386,2379,1867,512,0,3217,0,8,14
io8_l1n1n4_l3n1n4_d1d2,8.847,64,14,4522,7051,27,21,16,21,38.829,3467,2955,512,0,3755,0,64,14
io8_l1n1n4_l3n1n8,8.419,8,14,4662,3254,34,14,15,14,23.618,2397,1885,512,0,3339,0,8,14
io8_l1n1n4_l3n1n8_d1d2,8.419,64,17,4965,4840,35,14,17,14,40.484,3665,3153,512,0,3997,0,64,17
io8_l1n1n4_l3n1p1,8.847,8,5,3699,2837,21,14,13,14,19.209,2169,1657,512,0,2512,0,8,5
io8_l1n1n4_l3n1p1_d1d2,8.847,64,5,3848,5946,22,14,14,14,38.508,3237,2725,512,0,2600,0,64,5
io8_l1n1n4_l3n1p2,8.858,8,5,3895,2910,23,15,13,15,18.524,2246,1734,512,0,2710,0,8,5
io8_l1n1n4_l3n1p2_d1d2,8.858,64,5,4012,6043,24,15,14,15,35.688,3407,2895,512,0,2800,0,64,5
io8_l1n1n4_l3n1p4,8.419,8,5,4027,3195,27,21,13,21,17.948,2350,1838,512,0,2826,0,8,5
io8_l1n1n4_l3n1p4_d1d2,8.419,64,5,4176,6788,28,21,14,21,32.951,3560,3048,512,0,2989,0,64,5
io8_l1n1n4_l3n1p8,8.835,8,5,4390,2997,35,14,13,14,17.89,2311,1799,512,0,3183,0,8,5
io8_l1n1n4_l3n1p8_d1d2,8.835,64,5,4542,7810,36,14,14,14,32.165,3460,2948,512,0,3839,0,64,5
io8_l1n1n4_l3p1n1,8.881,16,50,8832,6864,144,20,25,20,55.873,4545,3905,640,0,6792,8,0,50
io8_l1n1n4_l3p1n1_d1d2,8.858,128,50,10010,16577,145,20,26,20,81.647,7009,6369,640,0,8348,64,0,50
io8_l1n1n4_l3p2n1,8.928,16,50,11907,9066,272,29,25,29,59.591,6997,6357,640,0,9729,8,0,50
io8_l1n1n4_l3p2n1_d1d2,9.508,64,5,12396,12814,273,21,11,21,37.537,6742,6102,640,0,9767,0,64,5
io8_l1n1n4_l3p4n1,9.674,8,26,8240,8068,528,51,17,51,40.828,5775,5135,640,0,6928,0,8,26
io8_l1n1n4_l3p4n1_d1d2,9.258,80,50,13754,14395,529,27,26,27,77.498,9431,8791,640,0,10646,16,48,50
io8_l1n1n4_l3p8n1,9.251,16,80,56917,27387,1040,76,40,76,107.732,24367,18987,640,4740,44342,8,0,80
io8_l1n1n4_l3p8n1_d1d2,8.419,128,640,124208,90042,1041,20,265,20,523.161,86080,64058,640,21382,91924,64,0,640
io8_l1n1n8_l3n1n1,8.419,8,40,6428,4756,28,7,26,7,40.424,3989,3477,512,0,4434,0,8,40
io8_l1n1n8_l3n1n1_d1d2,8.419,64,40,6428,6205,29,7,27,7,60.758,5242,4730,512,0,5151,0,64,40
io8_l1n1n8_l3n1n2,8.419,8,40,6600,4835,30,8,26,8,39.59,4096,3584,512,0,4736,0,8,40
io8_l1n1n8_l3n1n2_d1d2,8.419,64,40,6778,9180,31,8,27,8,56.603,5269,4757,512,0,5264,0,64,40
io8_l1n1n8_l3n1n4,8.419,8,40,6653,5158,34,14,26,14,43.105,4202,3690,512,0,4852,0,8,40
io8_l1n1n8_l3n1n4_d1d2,8.419,64,40,6653,9971,35,14,27,14,61.003,5495,4975,520,0,5376,0,64,40
io8_l1n1n8_l3n1n8,8.858,8,40,6684,4962,42,7,26,7,41.019,4239,3727,512,0,4502,0,8,40
io8_l1n1n8_l3n1n8_d1d2,8.847,64,40,6937,6706,43,7,27,7,59.165,5538,5026,512,0,5567,0,64,40
io8_l1n1n8_l3n1p1,8.419,8,40,6457,4871,29,7,27,7,44.319,4167,3647,520,0,4469,0,8,40
io8_l1n1n8_l3n1p1_d1d2,8.419,64,40,6460,6320,30,7,28,7,70.876,5421,4909,512,0,5192,0,64,40
io8_l1n1n8_l3n1p2,8.419,8,40,6653,4946,31,8,27,8,43.342,4313,3793,520,0,4667,0,8,40
io8_l1n1n8_l3n1p2_d1d2,8.419,64,40,6624,6419,32,8,28,8,65.265,5839,5327,512,0,5574,0,64,40
io8_l1n1n8_l3n1p4,8.847,8,40,6785,5221,35,14,27,14,43.186,4427,3907,520,0,4897,0,8,40
io8_l1n1n8_l3n1p4_d1d2,8.847,64,40,6788,6674,36,14,28,14,61.961,5755,5243,512,0,5548,0,64,40
io8_l1n1n8_l3n1p8,8.419,8,40,6892,5022,43,7,27,7,41.74,4331,3811,520,0,4646,0,8,40
io8_l1n1n8_l3n1p8_d1d2,8.419,64,40,7154,6738,44,7,28,7,60.048,5549,5037,512,0,5672,0,64,40
io8_l1n1n8_l3p1n1,8.419,16,64,10214,7960,152,13,32,13,65.581,6163,5501,662,0,7645,8,0,64
io8_l1n1n8_l3p1n1_d1d2,8.881,128,64,11501,12711,153,13,33,13,94.264,8717,8077,640,0,9697,64,0,64
io8_l1n1n8_l3p2n1,9.332,16,64,13289,10291,280,22,32,22,69.89,8483,7843,640,0,10508,8,0,64
io8_l1n1n8_l3p2n1_d1d2,9.092,64,40,15008,14002,281,14,25,14,62.951,9124,8484,640,0,11774,0,64,40
io8_l1n1n8_l3p4n1,9.258,8,40,9633,9277,536,44,24,44,49.657,7018,6378,640,0,7849,0,8,40
io8_l1n1n8_l3p4n1_d1d2,9.667,80,64,15246,14727,537,20,33,20,89.532,10907,10259,648,0,12396,16,48,64
io8_l1n1n8_l3p8n1,8.835,16,80,56710,27036,1048,69,40,69,149.508,25201,19822,640,4739,44852,8,0,80
io8_l1n1n8_l3p8n1_d1d2,8.847,128,640,124111,88869,1049,13,265,13,581.762,86606,64584,640,21382,92230,64,0,640
io8_l1n1p1_l3n1n1,8.419,8,5,3273,2450,15,7,13,7,20.071,2042,1522,520,0,2282,0,8,5
io8_l1n1p1_l3n1n1_d1d2,8.419,64,5,3266,3635,16,7,14,7,40.124,3123,2611,512,0,2292,0,64,5
io8_l1n1p1_l3n1n2,8.419,8,5,3445,2529,17,8,13,8,17.407,1965,1453,512,0,2257,0,8,5
io8_l1n1p1_l3n1n2_d1d2,8.419,64,5,3616,5170,18,8,14,8,38.08,3120,2608,512,0,2404,0,64,5
io8_l1n1p1_l3n1n4,8.419,8,14,3978,3167,21,14,16,14,25.198,2238,1726,512,0,2629,0,8,14
io8_l1n1p1_l3n1n4_d1d2,8.419,64,14,3971,6276,22,14,17,14,46.376,3391,2879,512,0,2709,0,64,14
io8_l1n1p1_l3n1n8,8.858,8,14,4265,2976,29,7,16,7,27.177,2320,1808,512,0,2915,0,8,14
io8_l1n1p1_l3n1n8_d1d2,8.847,64,17,4415,4556,30,7,18,7,49.086,3537,3025,512,0,3086,0,64,17
io8_l1n1p1_l3n1p1,8.419,8,5,3302,2565,16,7,14,7,21.122,1998,1486,512,0,2182,0,8,5
io8_l1n1p1_l3n1p1_d1d2,8.419,64,5,3298,3750,17,7,15,7,47.471,3218,2706,512,0,2326,0,64,5
io8_l1n1p1_l3n1p2,8.419,8,5,3498,2640,18,8,14,8,20.767,2095,1583,512,0,2385,0,8,5
io8_l1n1p1_l3n1p2_d1d2,8.419,64,5,3462,5289,19,8,15,8,44.766,3465,2953,512,0,2536,0,64,5
io8_l1n1p1_l3n1p4,8.847,8,5,3630,2915,22,14,14,14,20.94,2193,1681,512,0,2482,0,8,5
io8_l1n1p1_l3n1p4_d1d2,8.847,64,5,3626,6024,23,14,15,14,42.056,3582,3070,512,0,2718,0,64,5
io8_l1n1p1_l3n1p8,8.419,8,5,3993,2719,30,7,14,7,20.542,2125,1613,512,0,2856,0,8,5
io8_l1n1p1_l3n1p8_d1d2,8.419,64,5,3992,4168,31,7,15,7,41.973,3423,2911,512,0,2935,0,64,5
io8_l1n1p1_l3p1n1,8.881,16,50,8435,6593,139,13,26,13,58.514,4372,3732,640,0,6348,8,0,50
io8_l1n1p1_l3p1n1_d1d2,8.881,128,50,9459,11023,140,13,27,13,91.105,7049,6403,646,0,7707,64,0,50
io8_l1n1p1_l3p2n1,9.332,16,50,11510,8907,267,22,26,22,63.281,6904,6264,640,0,9473,8,0,50
io8_l1n1p1_l3p2n1_d1d2,9.092,64,5,11846,11448,268,14,12,14,44.994,6533,5893,640,0,9403,0,64,5
io8_l1n1p1_l3p4n1,9.258,8,26,7850,7914,523,44,18,44,44.182,5577,4937,640,0,6593,0,8,26
io8_l1n1p1_l3p4n1_d1d2,9.667,80,50,13204,13034,524,20,27,20,89.299,9272,8632,640,0,10630,16,48,50
io8_l1n1p1_l3p8n1,8.835,16,80,56520,27109,1035,69,41,69,114.243,23507,18128,640,4739,43951,8,0,80
io8_l1n1p1_l3p8n1_d1d2,8.847,128,640,123658,88574,1036,13,266,13,549.404,86179,64157,640,21382,91573,64,0,640
io8_l1n1p2_l3n1n1,8.419,8,5,3361,2495,17,8,13,8,20.593,2077,1565,512,0,2244,0,8,5
io8_l1n1p2_l3n1n1_d1d2,8.419,64,5,3325,3702,18,8,14,8,41.619,3308,2796,512,0,2393,0,64,5
io8_l1n1p2_l3n1n2,8.419,8,5,3533,2574,19,9,13,9,17.826,2129,1617,512,0,2349,0,8,5
io8_l1n1p2_l3n1n2_d1d2,8.419,64,5,3675,5237,20,9,14,9,37.706,3339,2827,512,0,2504,0,64,5
io8_l1n1p2_l3n1n4,8.419,8,14,4066,3203,23,15,16,15,27.516,2353,1841,512,0,2722,0,8,14
io8_l1n1p2_l3n1n4_d1d2,8.419,64,14,4030,6334,24,15,17,15,47.221,3562,3050,512,0,2809,0,64,14
io8_l1n1p2_l3n1n8,8.881,8,14,4353,3009,31,8,16,8,28.144,2475,1963,512,0,3010,0,8,14
io8_l1n1p2_l3n1n8_d1d2,8.858,64,17,4474,4612,32,8,18,8,47.735,3695,3183,512,0,3183,0,64,17
io8_l1n1p2_l3n1p1,8.419,8,5,3390,2610,18,8,14,8,24.147,2241,1729,512,0,2312,0,8,5
io8_l1n1p2_l3n1p1_d1d2,8.419,64,5,3357,3817,19,8,15,8,50.222,3436,2924,512,0,2427,0,64,5
io8_l1n1p2_l3n1p2,8.419,8,5,3554,2670,20,9,14,9,22.047,2201,1689,512,0,2447,0,8,5
io8_l1n1p2_l3n1p2_d1d2,8.419,64,5,3489,5341,21,9,15,9,45.803,3645,3133,512,0,2595,0,64,5
io8_l1n1p2_l3n1p4,8.858,8,5,3686,2944,24,15,14,15,22.292,2374,1862,512,0,2541,0,8,5
io8_l1n1p2_l3n1p4_d1d2,8.858,64,5,3653,6075,25,15,15,15,42.586,3720,3208,512,0,2782,0,64,5
io8_l1n1p2_l3n1p8,8.813,8,5,4049,2746,32,8,14,8,22.331,2201,1689,512,0,2910,0,8,5
io8_l1n1p2_l3n1p8_d1d2,8.813,64,5,4019,4217,33,8,15,8,40.207,3508,2996,512,0,2997,0,64,5
io8_l1n1p2_l3p1n1,8.881,16,50,8523,6627,141,14,26,14,61.307,4730,4090,640,0,6439,8,0,50
io8_l1n1p2_l3p1n1_d1d2,8.858,128,50,9486,11075,142,14,27,14,92.476,7431,6791,640,0,8340,64,0,50
io8_l1n1p2_l3p2n1,9.343,16,50,11566,8934,269,23,26,23,66.722,7101,6461,640,0,9499,8,0,50
io8_l1n1p2_l3p2n1_d1d2,9.486,64,5,11905,12233,270,15,12,15,45.566,6700,6060,640,0,9553,0,64,5
io8_l1n1p2_l3p4n1,9.651,8,26,7933,7941,525,45,18,45,45.491,5628,4988,640,0,6551,0,8,26
io8_l1n1p2_l3p4n1_d1d2,9.678,80,50,13231,13801,526,21,27,21,87.843,9275,8635,640,0,10445,16,48,50
io8_l1n1p2_l3p8n1,9.229,16,80,56576,27136,1037,70,41,70,130.901,23917,18538,640,4739,44146,8,0,80
io8_l1n1p2_l3p8n1_d1d2,8.858,128,640,123685,89351,1038,14,266,14,571.971,86373,64351,640,21382,91600,64,0,640
io8_l1n1p4_l3n1n1,8.847,8,5,3469,2734,21,14,13,14,21.001,2246,1734,512,0,2313,0,8,5
io8_l1n1p4_l3n1n1_d1d2,8.847,64,5,3472,3923,22,14,14,14,42.24,3521,3009,512,0,3292,0,64,5
io8_l1n1p4_l3n1n2,8.858,8,5,3641,2811,23,15,13,15,19.635,2225,1713,512,0,2758,0,8,5
io8_l1n1p4_l3n1n2_d1d2,8.858,64,5,3822,5936,24,15,14,15,38.209,3499,2987,512,0,3407,0,64,5
io8_l1n1p4_l3n1n4,8.847,8,14,4174,3437,27,21,16,21,28.523,2507,1995,512,0,3049,0,8,14
io8_l1n1p4_l3n1n4_d1d2,8.847,64,14,4177,7030,28,21,17,21,47.848,3858,3346,512,0,3709,0,64,14
io8_l1n1p4_l3n1n8,8.419,8,14,4461,3237,35,14,16,14,29.805,2577,2065,512,0,3225,0,8,14
io8_l1n1p4_l3n1n8_d1d2,8.419,64,17,4621,4820,36,14,18,14,49.171,3941,3429,512,0,3960,0,64,17
io8_l1n1p4_l3n1p1,8.847,8,5,3498,2849,22,14,14,14,24.89,2302,1790,512,0,2348,0,8,5
io8_l1n1p4_l3n1p1_d1d2,8.847,64,5,3504,4038,23,14,15,14,53.035,3661,3149,512,0,2492,0,64,5
io8_l1n1p4_l3n1p2,8.858,8,5,3662,2907,24,15,14,15,24.21,2338,1826,512,0,2516,0,8,5
io8_l1n1p4_l3n1p2_d1d2,8.858,64,5,3636,6040,25,15,15,15,45.816,3744,3232,512,0,2668,0,64,5
io8_l1n1p4_l3n1p4,8.419,8,5,3730,3164,28,21,14,21,23.153,2397,1885,512,0,2554,0,8,5
io8_l1n1p4_l3n1p4_d1d2,8.419,64,5,3736,6757,29,21,15,21,43.056,3860,3348,512,0,2793,0,64,5
io8_l1n1p4_l3n1p8,8.835,8,5,4093,2966,36,14,14,14,22.417,2421,1909,512,0,2916,0,8,5
io8_l1n1p4_l3n1p8_d1d2,8.835,64,5,4102,4419,37,14,15,14,41.154,3732,3220,512,0,3724,0,64,5
io8_l1n1p4_l3p1n1,8.881,16,50,8631,6861,145,20,26,20,59.302,4646,4006,640,0,6503,8,0,50
io8_l1n1p4_l3p1n1_d1d2,8.858,128,50,9633,11290,146,20,27,20,91.843,7337,6691,646,0,8267,64,0,50
io8_l1n1p4_l3p2n1,8.928,16,50,11610,9151,273,29,26,29,67.308,7230,6590,640,0,9472,8,0,50
io8_l1n1p4_l3p2n1_d1d2,9.508,64,5,12052,12926,274,21,12,21,43.64,7171,6507,664,0,9601,0,64,5
io8_l1n1p4_l3p4n1,9.674,8,26,8039,8162,529,51,18,51,46.955,5851,5211,640,0,6794,0,8,26
io8_l1n1p4_l3p4n1_d1d2,9.258,80,50,13314,14480,530,27,27,27,88.097,9648,9008,640,0,10375,16,48,50
io8_l1n1p4_l3p8n1,9.251,16,80,56620,27356,1041,76,41,76,144.275,24128,18749,640,4739,44038,8,0,80
io8_l1n1p4_l3p8n1_d1d2,8.419,128,640,123768,90041,1042,20,266,20,582.013,86538,64516,640,21382,91654,64,0,640
io8_l1n1p8_l3n1n1,8.419,24,40,6297,5056,29,7,27,7,43.515,3883,3495,384,4,3939,8,8,40
io8_l1n1p8_l3n1n1_d1d2,8.419,80,40,6293,6505,30,7,28,7,63.984,5095,4707,384,4,4661,8,64,40
io8_l1n1p8_l3n1n2,8.419,24,40,6469,5135,31,8,27,8,41.187,4053,3665,384,4,4064,8,8,40
io8_l1n1p8_l3n1n2_d1d2,8.419,80,40,6643,9480,32,8,28,8,59.764,5114,4726,384,4,4769,8,64,40
io8_l1n1p8_l3n1n4,8.419,24,40,6522,5458,35,14,27,14,46.681,4221,3833,384,4,4233,8,8,40
io8_l1n1p8_l3n1n4_d1d2,8.419,80,40,6518,10271,36,14,28,14,65.518,5352,4964,384,4,4881,8,64,40
io8_l1n1p8_l3n1n8,8.858,24,40,6553,5262,43,7,27,7,45.038,4074,3686,384,4,4011,8,8,40
io8_l1n1p8_l3n1n8_d1d2,8.847,80,40,6802,7006,44,7,28,7,62.371,5371,4983,384,4,5062,8,64,40
io8_l1n1p8_l3n1p1,8.419,24,40,6326,5171,30,7,28,7,49.377,3997,3609,384,4,3976,8,8,40
io8_l1n1p8_l3n1p1_d1d2,8.419,80,40,6325,6620,31,7,29,7,78.507,5191,4803,384,4,4695,8,64,40
io8_l1n1p8_l3n1p2,8.419,24,40,6522,5246,32,8,28,8,48.597,4123,3735,384,4,4172,8,8,40
io8_l1n1p8_l3n1p2_d1d2,8.419,80,40,6489,9599,33,8,29,8,72.215,5608,5220,384,4,5079,8,64,40
io8_l1n1p8_l3n1p4,8.847,24,40,6654,5521,36,14,28,14,47.512,4353,3965,384,4,4275,8,8,40
io8_l1n1p8_l3n1p4_d1d2,8.847,80,40,6653,10334,37,14,29,14,67.45,5708,5320,384,4,5056,8,64,40
io8_l1n1p8_l3n1p8,8.419,24,40,6761,5322,44,7,28,7,47.062,4096,3708,384,4,4130,8,8,40
io8_l1n1p8_l3n1p8_d1d2,8.419,80,40,7019,7038,45,7,29,7,65.408,5570,5182,384,4,5170,8,64,40
io8_l1n1p8_l3p1n1,8.419,32,64,10083,8260,153,13,33,13,68.213,6049,5533,512,4,7142,16,0,64
io8_l1n1p8_l3p1n1_d1d2,8.881,144,64,11366,13011,154,13,34,13,99.236,8707,8191,512,4,9134,72,0,64
io8_l1n1p8_l3p2n1,9.332,32,64,13158,10623,281,22,33,22,74.823,8564,8048,512,4,10083,16,0,64
io8_l1n1p8_l3p2n1_d1d2,9.092,80,40,14873,14334,282,14,26,14,66.946,8546,8030,512,4,11466,8,64,40
io8_l1n1p8_l3p4n1,9.258,24,40,9498,9609,537,44,25,44,53.969,6867,6351,512,4,7369,8,8,40
io8_l1n1p8_l3p4n1_d1d2,9.667,96,64,15111,15059,538,20,34,20,94.05,10772,10256,512,4,11805,24,48,64
io8_l1n1p8_l3p8n1,8.835,32,80,56579,27336,1049,69,41,69,223.587,24816,19561,512,4743,44313,16,0,80
io8_l1n1p8_l3p8n1_d1d2,8.847,144,640,123976,89169,1050,13,266,13,727.516,86464,64566,512,21386,91746,72,0,640
io8_l1p1n1_l3n1n1,8.419,32,40,9493,6588,138,13,24,13,50.385,6330,5946,384,0,7819,16,0,40
io8_l1p1n1_l3n1n1_d1d2,8.419,144,40,9489,10971,139,13,25,13,79.978,8412,8028,384,0,7880,72,0,40
io8_l1p1n1_l3n1n2,8.813,32,40,9665,6661,140,14,24,14,49.52,6472,6088,384,0,7922,16,0,40
io8_l1p1n1_l3n1n2_d1d2,8.813,144,40,9839,15860,141,14,25,14,75.78,8378,7994,384,0,7978,72,0,40
io8_l1p1n1_l3n1n4,8.419,32,40,9718,6938,144,20,24,20,54.73,6407,6023,384,0,8115,16,0,40
io8_l1p1n1_l3n1n4_d1d2,8.419,144,40,9714,16605,145,20,25,20,83.116,8419,8035,384,0,8491,72,0,40
io8_l1p1n1_l3n1n8,8.847,32,40,9749,6733,152,13,24,13,54.071,6527,6143,384,0,8129,16,0,40
io8_l1p1n1_l3n1n8_d1d2,8.835,144,40,9998,11396,153,13,25,13,80.89,8639,8255,384,0,8410,72,0,40
io8_l1p1n1_l3n1p1,8.419,32,40,9522,6703,139,13,25,13,56.703,6430,6046,384,0,7828,16,0,40
io8_l1p1n1_l3n1p1_d1d2,8.419,144,40,9521,11086,140,13,26,13,91.868,8472,8088,384,0,7897,72,0,40
io8_l1p1n1_l3n1p2,8.813,32,40,9686,6757,141,14,25,14,55.814,6523,6139,384,0,7996,16,0,40
io8_l1p1n1_l3n1p2_d1d2,8.813,144,40,9653,15964,142,14,26,14,85.91,8380,7996,384,0,8063,72,0,40
io8_l1p1n1_l3n1p4,8.835,32,40,9754,7014,145,20,25,20,53.855,6779,6395,384,0,8036,16,0,40
io8_l1p1n1_l3n1p4_d1d2,8.835,144,40,9753,16681,146,20,26,20,82.202,8655,8271,384,0,8058,72,0,40
io8_l1p1n1_l3n1p8,8.813,32,40,9861,6813,153,13,25,13,53.825,6751,6367,384,0,8161,16,0,40
io8_l1p1n1_l3n1p8_d1d2,8.813,144,40,10119,11463,154,13,26,13,81.632,8945,8553,392,0,8660,72,0,40
io8_l1p1n1_l3p1n1,8.881,32,64,13023,9878,262,19,30,19,78.155,8705,8193,512,0,11411,16,0,64
io8_l1p1n1_l3p1n1_d1d2,8.847,144,64,14562,16623,263,19,31,19,107.159,12036,11524,512,0,12771,72,0,64
io8_l1p1n1_l3p2n1,9.344,32,64,14818,11751,390,28,30,28,80.05,11134,10616,518,0,12390,16,0,64
io8_l1p1n1_l3p2n1_d1d2,9.111,144,40,18069,18504,391,20,23,20,82.647,12008,11496,512,0,15075,72,0,40
io8_l1p1n1_l3p4n1,9.615,32,64,13974,12288,646,50,30,50,80.867,10558,10030,528,0,12368,16,0,64
io8_l1p1n1_l3p4n1_d1d2,9.674,144,64,18307,19622,647,26,31,26,111.891,14672,14160,512,0,15549,72,0,64
io8_l1p1n1_l3p8n1,8.847,32,80,58239,28384,1158,75,38,75,249.213,26987,21734,512,4741,46548,16,0,80
io8_l1p1n1_l3p8n1_d1d2,8.835,144,640,126404,90878,1159,19,263,19,731.975,87756,65862,512,21382,94801,72,0,640
io8_l1p2n1_l3n1n1,8.419,32,80,13174,10396,266,22,40,22,77.175,9326,8942,384,0,10477,16,0,80
io8_l1p2n1_l3n1n1_d1d2,8.858,144,126,22274,20977,267,14,59,14,139.407,16289,15905,384,0,18562,72,0,126
io8_l1p2n1_l3n1n2,8.813,32,80,13314,10469,268,23,40,23,74.019,9388,9004,384,0,10640,16,0,80
io8_l1p2n1_l3n1n2_d1d2,8.881,144,126,22592,21783,269,15,59,15,135.63,17034,16650,384,0,18645,72,0,126
io8_l1p2n1_l3n1n4,8.419,32,80,13367,10722,272,29,40,29,81.138,9475,9091,384,0,10756,16,0,80
io8_l1p2n1_l3n1n4_d1d2,8.858,144,126,22467,22502,273,21,59,21,144.494,17243,16859,384,0,19047,72,0,126
io8_l1p2n1_l3n1n8,8.847,32,80,13398,10522,280,22,40,22,81.98,9628,9244,384,0,10810,16,0,80
io8_l1p2n1_l3n1n8_d1d2,8.858,144,126,22751,21362,281,14,59,14,142.997,16892,16508,384,0,19314,72,0,126
io8_l1p2n1_l3n1p1,8.419,32,80,13203,10511,267,22,41,22,83.857,9468,9084,384,0,10534,16,0,80
io8_l1p2n1_l3n1p1_d1d2,8.858,144,126,22306,21092,268,14,60,14,154.093,16318,15934,384,0,18598,72,0,126
io8_l1p2n1_l3n1p2,8.813,32,80,13335,10565,269,23,41,23,84.214,9608,9224,384,0,10642,16,0,80
io8_l1p2n1_l3n1p2_d1d2,8.881,144,126,22406,21890,270,15,60,15,148.043,16783,16399,384,0,18740,72,0,126
io8_l1p2n1_l3n1p4,8.835,32,80,13403,10826,273,29,41,29,82.031,9549,9165,384,0,10712,16,0,80
io8_l1p2n1_l3n1p4_d1d2,8.847,144,126,22506,22603,274,21,60,21,144.346,16701,16317,384,0,18713,72,0,126
io8_l1p2n1_l3n1p8,8.813,32,80,13510,10620,281,22,41,22,83.494,9554,9170,384,0,10832,16,0,80
io8_l1p2n1_l3n1p8_d1d2,8.847,144,126,22872,21458,282,14,60,14,142.388,16996,16612,384,0,19125,72,0,126
io8_l1p2n1_l3p1n1,8.858,32,80,15392,12511,390,28,38,28,86.182,10831,10319,512,0,13815,16,0,80
io8_l1p2n1_l3p1n1_d1d2,8.847,144,126,25523,25528,391,20,57,20,151.213,20029,19517,512,0,22441,72,0,126
io8_l1p2n1_l3p2n1,9.344,32,80,16419,14433,518,37,38,37,89.32,13086,12574,512,0,13885,16,0,80
io8_l1p2n1_l3p2n1_d1d2,9.52,144,126,30822,28494,519,21,57,21,145.429,21052,20540,512,0,25762,72,0,126
io8_l1p2n1_l3p4n1,9.696,32,80,16326,14943,774,59,38,59,88.928,12964,12452,512,0,14729,16,0,80
io8_l1p2n1_l3p4n1_d1d2,9.258,144,126,29012,28308,775,27,57,27,154.083,21708,21196,512,0,24900,72,0,126
io8_l1p2n1_l3p8n1,8.847,32,80,56008,28739,1286,84,38,84,264.106,27328,22077,512,4739,43934,16,0,80
io8_l1p2n1_l3p8n1_d1d2,8.419,144,640,129413,95523,1287,20,263,20,800.129,94532,72638,512,21382,98377,72,0,640
io8_l1p4n1_l3n1n1,8.813,32,112,21687,15848,522,44,56,44,100.061,16476,16092,384,0,18607,16,0,112
io8_l1p4n1_l3n1n1_d1d2,8.824,144,126,25996,22617,523,20,59,20,148.451,21017,20633,384,0,22330,72,0,126
io8_l1p4n1_l3n1n2,9.206,32,112,21842,15932,524,45,56,45,98.045,16925,16541,384,0,18697,16,0,112
io8_l1p4n1_l3n1n2_d1d2,8.835,144,126,26315,23426,525,21,59,21,143.444,20978,20594,384,0,22375,72,0,126
io8_l1p4n1_l3n1n4,8.813,32,112,21881,16193,528,51,56,51,104.954,16877,16493,384,0,18907,16,0,112
io8_l1p4n1_l3n1n4_d1d2,8.824,144,126,26190,24158,529,27,59,27,151.432,22220,21836,384,0,22972,72,0,126
io8_l1p4n1_l3n1n8,9.24,32,112,21911,15999,536,44,56,44,107.959,16956,16572,384,0,19136,16,0,112
io8_l1p4n1_l3n1n8_d1d2,8.858,144,126,26473,23026,537,20,59,20,149.704,21416,21032,384,0,22939,72,0,126
io8_l1p4n1_l3n1p1,8.813,32,112,21716,15963,523,44,57,44,108.355,16473,16089,384,0,18667,16,0,112
io8_l1p4n1_l3n1p1_d1d2,8.824,144,126,26028,22732,524,20,60,20,163.16,20984,20600,384,0,22372,72,0,126
io8_l1p4n1_l3n1p2,9.206,32,112,21848,16016,525,45,57,45,105.454,16556,16172,384,0,18732,16,0,112
io8_l1p4n1_l3n1p2_d1d2,8.835,144,126,26128,23529,526,21,60,21,156.058,21174,20790,384,0,22477,72,0,126
io8_l1p4n1_l3n1p4,9.229,32,112,21916,16275,529,51,57,51,103.322,16843,16459,384,0,18950,16,0,112
io8_l1p4n1_l3n1p4_d1d2,8.858,144,126,26228,24240,530,27,60,27,153.299,21525,21141,384,0,22455,72,0,126
io8_l1p4n1_l3n1p8,8.824,32,112,21927,16077,537,44,57,44,106.557,16780,16396,384,0,19042,16,0,112
io8_l1p4n1_l3n1p8_d1d2,9.206,144,126,26498,23148,538,20,60,20,152.484,21238,20854,384,0,22728,72,0,126
io8_l1p4n1_l3p1n1,9.251,32,112,23904,18165,646,50,54,50,111.62,18759,18247,512,0,21452,16,0,112
io8_l1p4n1_l3p1n1_d1d2,8.881,144,126,29245,26964,647,26,57,26,162.013,24651,24139,512,0,26180,72,0,126
io8_l1p4n1_l3p2n1,9.368,32,112,24932,19602,774,59,54,59,113.919,20210,19698,512,0,21794,16,0,112
io8_l1p4n1_l3p2n1_d1d2,9.504,144,126,34544,30104,775,27,57,27,151.506,24850,24338,512,0,29506,72,0,126
io8_l1p4n1_l3p4n1,9.704,32,112,24839,20161,1030,81,54,81,116.208,20069,19557,512,0,22344,16,0,112
io8_l1p4n1_l3p4n1_d1d2,9.696,144,126,32734,29875,1031,33,57,33,164.002,26578,26066,512,0,28662,72,0,126
io8_l1p4n1_l3p8n1,8.858,32,112,60169,33771,1542,106,54,106,290.816,33408,28157,512,4739,47744,16,0,112
io8_l1p4n1_l3p8n1_d1d2,8.858,144,640,132623,95876,1543,26,263,26,791.413,96061,74167,512,21382,101564,72,0,640
io8_l1p8n1_l3n1n1,8.835,32,112,24407,18157,1034,69,56,69,107.381,19894,19510,384,0,21329,16,0,112
io8_l1p8n1_l3n1n1_d1d2,9.24,144,126,37333,22486,1035,13,59,13,165.457,28381,27997,384,0,33715,72,0,126
io8_l1p8n1_l3n1n2,9.229,32,112,24562,18255,1036,70,56,70,104.173,19851,19459,392,0,21386,16,0,112
io8_l1p8n1_l3n1n2_d1d2,9.251,144,126,37652,23310,1037,14,59,14,161.606,28420,28036,384,0,33877,72,0,126
io8_l1p8n1_l3n1n4,8.835,32,112,24601,18495,1040,76,56,76,110.657,19700,19316,384,0,21558,16,0,112
io8_l1p8n1_l3n1n4_d1d2,9.24,144,126,37527,24022,1041,20,59,20,167.63,28521,28137,384,0,34424,72,0,126
io8_l1p8n1_l3n1n8,9.263,32,112,24632,18287,1048,69,56,69,115.697,20002,19618,384,0,21547,16,0,112
io8_l1p8n1_l3n1n8_d1d2,9.24,144,126,37811,22877,1049,13,59,13,163.063,28303,27919,384,0,34328,72,0,126
io8_l1p8n1_l3n1p1,8.835,32,112,24436,18272,1035,69,57,69,114.673,19966,19582,384,0,21376,16,0,112
io8_l1p8n1_l3n1p1_d1d2,9.24,144,126,37365,22601,1036,13,60,13,182.582,28307,27923,384,0,33872,72,0,126
io8_l1p8n1_l3n1p2,9.229,32,112,24568,18327,1037,70,57,70,114.749,19728,19344,384,0,21523,16,0,112
io8_l1p8n1_l3n1p2_d1d2,9.251,144,126,37465,23398,1038,14,60,14,173.759,28627,28243,384,0,33962,72,0,126
io8_l1p8n1_l3n1p4,9.251,32,112,24636,18599,1041,76,57,76,110.16,19834,19450,384,0,21627,16,0,112
io8_l1p8n1_l3n1p4_d1d2,9.229,144,126,37565,24127,1042,20,60,20,170.382,28653,28269,384,0,33960,72,0,126
io8_l1p8n1_l3n1p8,8.847,32,112,24647,18403,1049,69,57,69,112.919,20117,19733,384,0,21520,16,0,112
io8_l1p8n1_l3n1p8_d1d2,9.24,144,126,37835,23006,1050,13,60,13,166.516,28495,28111,384,0,34297,72,0,126
io8_l1p8n1_l3p1n1,9.251,32,112,26625,20327,1158,75,54,75,119.304,21731,21219,512,0,24234,16,0,112
io8_l1p8n1_l3p1n1_d1d2,9.229,144,126,40582,26896,1159,19,57,19,175.267,31940,31428,512,0,37616,72,0,126
io8_l1p8n1_l3p2n1,9.415,32,112,27652,21764,1286,84,54,84,119.195,23343,22831,512,0,24468,16,0,112
io8_l1p8n1_l3p2n1_d1d2,9.545,144,126,45881,30890,1287,20,57,20,191.013,36983,36471,512,0,41002,72,0,126
io8_l1p8n1_l3p4n1,9.718,32,112,27559,22586,1542,106,54,106,125.375,23571,23059,512,0,25609,16,0,112
io8_l1p8n1_l3p4n1_d1d2,9.295,144,126,44071,29593,1543,26,57,26,176.024,34737,34225,512,0,40088,72,0,126
io8_l1p8n1_l3p8n1,8.905,32,112,60329,36318,2054,131,54,131,286.555,35718,30467,512,4739,47911,16,0,112
io8_l1p8n1_l3p8n1_d1d2,9.275,144,640,135768,96439,2055,19,263,19,811.864,104794,82900,512,21382,104731,72,0,640
